Mot;Distribution
envoyé;1
portez;2
naissant;1
fumée;2
défends;1
prétendu;1
absolu;2
arrachent;1
goûtez;1
poursuivant;1
soeur;45
seul;13
souffrons;2
résolue;1
connais;5
propres;3
abandonne;1
hélas;7
main;25
avecque;2
honteuse;3
augmentera;1
témoigner;1
charmé;1
puissent;2
ordonnera;1
vouloir;10
aurai;3
ce;160
coeurs;7
préviendrez;1
miracle;2
rudes;5
impies;1
fondements;1
hommes;4
enfuit;1
voulait;1
soi;4
séparé;1
bénéfice;1
fille;9
percer;2
ont;32
terre;6
animiez;1
semble;3
dérober;2
désirée;1
heureuse;2
nôtre;3
reproche;4
hasarde;1
coupable;5
ennuis;1
puis;11
appartenait;1
entretenez;1
miroirs;1
eût;9
écrie;1
traînait;1
flétrir;1
jeta;1
suit;4
combler;1
condamnez;1
pousse;1
foi;3
tombes;1
trompant;1
tumulte;1
déplore;2
devez;2
romprai;1
laissons;2
répondre;1
préviendra;1
quelque;20
égalez;1
quatre;1
achevé;1
mélancolie;1
user;2
gagne;1
siens;5
gorge;1
commencé;1
retirer;1
aise;1
soulager;1
acte;1
sachez;2
comble;1
ajouter;1
malheurs;10
désavouerais;1
charmée;1
silence;1
dise;1
relâche;1
soupçons;1
destinée;2
joui;1
étouffées;1
ignorant;2
petits;1
change;2
avoir;10
laisser;1
faisons;2
il;206
verrez;1
périr;2
jalousie;1
spectre;1
domptés;1
pressante;1
irons;1
pourquoi;6
revoyons;1
publique;1
alors;10
espérer;4
rend;4
prince;4
succède;2
projets;2
hâte;1
pourra;2
savoir;4
romain;10
combattre;6
veuille;1
genoux;2
fantaisie;1
y;25
prêts;3
bons;3
intéresse;1
écouté;1
réduisait;1
yeux;23
frères;26
mésestimer;1
saura;1
suivons;2
pareille;3
plaisirs;1
glace;1
»;4
faveur;6
tombeaux;1
trait;1
victoires;2
roi;15
évite;1
liberté;1
simples;1
laissé;1
fièrement;1
peuples;3
manque;4
consoler;1
citoyen;1
avait;6
défendrai;1
miens;6
vaincu;3
arment;2
auteurs;1
combats;3
où;23
ambitieuse;1
long;2
dépit;1
étaient;1
désormais;3
ni;23
renommée;6
donneront;1
vengeance;3
seront;1
soupirer;1
admire;2
en;261
milieu;4
frère;29
attendrit;1
mouvement;4
divers;2
rompu;1
plein;1
blasphèmes;1
mît;1
sa;97
voit;13
assurance;4
souillés;1
lasse;1
savent;1
verriez;2
cachant;1
noyons;1
nommons;1
règne;2
murailles;2
rejoindre;1
conquête;1
impuissant;1
appareil;1
places;1
grec;1
animée;1
suspendus;1
étais;2
prends;1
ami;2
nécessaires;1
parmi;4
chassez;1
jusque;1
aurais;3
sacrifier;2
imaginé;1
sépare;3
démons;2
affliger;1
murmurer;1
tonnerre;1
attachée;1
accueil;3
défenseurs;1
combattrais;1
redouter;1
ravir;1
finirai;1
adroitement;1
joie;16
envieux;1
attirerait;1
part;9
menace;1
honore;1
immuable;1
mânes;4
épées;2
enée;1
assassine;1
empêcher;1
produit;5
visages;1
conjurés;1
humeur;2
défendez;1
ouvre;3
donne;9
vengera;1
fureur;2
beau;14
rameaux;1
adorais;1
vanité;3
divorces;1
semblable;1
patrie;6
inespéré;1
propice;2
clémence;1
incertain;1
préparatifs;1
barrière;1
sois;3
ma;103
douceurs;2
sèche;1
remplit;1
superflue;1
résoudre;1
discours;7
perdons;1
fit;2
nous;102
pare;1
devenue;1
puissai;1
élever;1
gage;1
tirer;2
surprend;3
images;2
sous;7
mourrait;1
feront;1
suis;24
impossible;1
extrémité;2
vaincrait;1
caractères;1
dis;6
satisfaire;2
ingrat;2
craintes;3
finir;2
texte;5
princes;2
pousser;1
impiété;3
soin;4
souhaiter;4
âmes;5
égales;1
souhaitons;1
exaucez;1
contre;28
durant;1
témoignait;1
déjà;13
sang;48
défait;1
commis;1
plonge;1
aveu;2
vaincras;1
impuissants;1
éperdue;1
moindre;4
presse;4
cette;29
souhaitée;1
présents;1
bientôt;7
réponse;1
nature;3
réglera;1
favorables;1
éclatante;1
tourne;1
jugez;1
marches;1
belle;7
achevez;1
saper;1
fort;9
beauté;1
refusé;1
braver;2
vivrai;1
entretien;1
autre;43
moitié;5
dissipé;1
misères;4
unissant;1
forces;3
flattais;1
congé;1
goûtent;1
trempé;1
consumé;1
querellez;1
verser;2
autrement;4
celles;1
tiré;1
voir;35
eux;25
bon;15
réduits;1
unissent;1
chose;4
encor;4
vain;8
flambeau;2
grêce;1
efforce;1
aujourd;15
comptable;1
souilleriez;1
monts;1
ciel;24
croyais;2
mettant;1
faite;1
renvoyer;1
mélange;1
pouvoir;8
voudrais;2
plaire;1
savez;4
attendent;2
se;51
devine;1
douce;1
hymen;10
bouche;5
gens;2
désavantage;1
ignorez;2
conjectures;1
sorte;2
soient;7
voulez;2
rompt;2
perd;4
point;93
désavoueront;1
troubles;1
promettre;1
faisant;4
trahir;1
rendrai;1
vrai;1
légères;1
je;237
résister;3
allégresse;4
changerez;1
mains;19
aidant;1
foule;1
chers;2
brillant;1
rigueurs;2
terreur;3
épandu;1
hui;15
dangereux;1
emportent;1
lors;2
cède;3
flammes;2
ignore;2
court;1
irrésolu;1
cours;4
généreuses;1
nommer;4
devienne;1
aurait;4
oubliez;1
pleurons;1
tient;3
ô;17
demeure;2
trouvé;1
laissant;2
vanterai;1
jours;6
porter;4
maltraitez;1
adieu;5
recouvre;1
allez;5
souvent;5
entendre;3
épargnée;1
combattez;1
établit;1
vainqueur;15
généreuse;1
quittera;1
lâcheté;4
pourvu;1
admirais;1
deviendrez;1
pareils;6
tuer;1
étonnent;2
seras;1
nomme;3
armes;8
sourdes;1
autel;1
contentements;1
apprête;1
art;3
majesté;3
enfers;2
déplaisirs;5
d;261
atteste;3
air;2
coupée;1
exercer;1
provinces;1
tous;46
valeur;6
chaste;2
là;7
bouillante;1
redouble;1
troubler;1
poudre;2
soupir;2
infâme;3
succombe;3
excuser;3
emploierons;1
franchir;1
fuyez;1
impitoyable;2
contraire;8
prenez;3
dure;1
tant;27
albe;36
tiens;5
troupes;2
crains;3
devons;2
recevoir;3
descendre;1
sévères;2
témoins;2
laissée;1
famille;7
retour;1
mettra;1
défend;3
reculé;1
applaudir;2
amoureux;1
revoir;2
comblée;1
demandent;2
satisfais;1
pourrions;2
derechef;1
regret;3
remplira;1
espoir;7
paix;14
compare;1
époux;23
exemple;3
rigoureux;1
serai;2
achète;1
coup;7
fuite;9
la;231
distraire;1
faces;1
parurent;1
avis;2
démentir;1
recours;1
aurez;1
évertue;1
saurait;6
moins;42
crois;4
chaleur;2
charmais;1
parce;1
esclave;5
pareil;6
avec;36
encourager;1
edition;5
dissimuler;1
publiques;2
femme;18
dieux;33
perdrai;1
neveux;1
mesurer;2
donnait;1
déchire;1
estime;5
plus;115
dénué;1
malheureux;3
endormie;1
égale;5
étant;3
permettez;5
suivre;5
peines;2
préparerais;1
arrosé;1
trahison;1
venger;4
patience;2
abattu;2
flavian;1
sembleront;1
lorsqu;6
mien;4
détestent;1
accepte;2
ennui;2
fait;69
consulter;1
quittes;1
imprimée;1
combien;5
trancher;2
doivent;4
conserviez;1
brave;2
mériter;2
vaut;2
songes;1
unis;1
montre;2
rompez;1
adore;1
apaiser;3
mon;115
tantôt;3
laisserai;1
brille;1
las;2
interprète;1
loisir;1
vieil;30
acquitte;1
au;58
conditions;1
asservie;5
dons;1
aveuglement;1
premier;8
génie;1
sensible;1
offre;3
chacun;9
simple;1
fuyant;1
aventure;1
enfermer;1
obtint;1
obtenu;1
souffre;5
cruautés;1
capable;1
aspect;1
rendra;1
querelle;4
vécu;4
biens;1
proie;1
triomphants;1
armée;6
erreur;7
furie;1
vies;1
ennemie;2
a;84
presque;2
satisfaits;1
demeurera;1
vois;13
j;76
préfère;3
être;23
suite;2
poursuite;1
prie;1
déférés;1
choqué;1
prospères;1
bonté;1
touchent;1
préparent;1
précieux;2
retiens;1
prison;1
personnes;3
conduite;1
trésor;1
détruit;3
mutinent;1
vengée;2
faiblesse;12
changé;1
tiennent;1
mort;36
lâche;5
embrassez;1
romains;9
côtés;2
aveuglément;1
sein;1
goûté;1
qu;226
esprits;3
bouts;1
prière;1
fondre;1
verrai;2
sentiment;3
cache;2
fratricide;1
triompher;7
disons;1
autels;1
conspirent;2
douteux;2
blâmes;1
aime;17
impuni;1
programme;5
soutiendront;1
sacrés;2
monstre;1
réservez;1
chemin;2
attendrissez;1
rhin;1
acheté;1
haut;5
mêler;1
courroux;2
hercule;1
débile;1
condamnée;1
dépendrait;1
certes;2
cèle;1
tigres;1
indignité;1
ceigne;1
jour;19
séparés;1
derrière;1
déployer;1
moment;11
tard;2
pleurant;1
dégager;1
élève;3
aimiez;1
contribuer;1
avance;2
gloire;35
pompeux;1
noeuds;6
stupide;1
pris;5
dégénérons;1
secours;6
croissez;1
moyens;4
aillent;1
inconnu;1
immortaliser;1
saurais;1
jouissent;1
participe;1
peine;9
connaissez;1
on;89
répudiée;1
commune;2
concevoir;1
morne;1
doutez;1
sitôt;3
soyons;3
italie;1
soyez;1
cet;10
pourrai;2
conserver;4
retirons;1
lorsque;1
considère;3
gendre;5
connaissaient;1
mâle;3
toutes;10
garde;5
fuit;3
retient;1
flatteuse;1
rival;2
paraissant;1
affermi;1
froid;1
immortalité;1
discord;1
repose;1
soudain;5
achetez;1
deviendra;1
lauriers;8
excuse;3
refus;3
envie;2
réduite;2
deviennent;1
dedans;2
origine;1
tue;3
aventin;1
non;25
de;471
vulgaire;1
t;33
entrailles;1
objet;6
leurs;27
terme;1
craindre;13
redoublez;1
puisqu;5
pressantes;1
bords;1
belles;2
combattront;2
pouvez;4
tendent;1
ton;37
carnage;1
même;36
flatte;1
légitime;4
pour;179
résonne;1
bataille;9
apollon;1
incessamment;1
entendu;1
mourront;1
loin;7
partager;1
prenait;1
dérobe;1
punir;5
désir;1
craignais;1
joins;1
propos;2
amour;31
essayez;1
blessé;2
victoire;19
victimes;1
rien;29
telle;8
merveille;1
agit;4
serons;1
tel;17
caresses;1
secoure;1
volaient;1
vivais;1
faible;4
obscures;1
civiles;1
rangs;2
accès;2
conçoit;1
approuver;1
descendent;1
ai;46
frémis;2
visage;2
puisse;5
foudre;2
m;68
sien;3
punissez;3
placer;1
appliquer;1
taire;1
corps;2
charmantes;1
entretiens;1
prépare;1
aller;4
mortelle;1
grande;2
des;130
pertes;3
soupirais;1
illustres;1
vit;6
comment;2
noble;6
décide;1
demi;4
mène;1
bataillons;1
recevez;6
remparts;1
bel;1
cieux;3
charmes;3
poussent;1
irritent;1
souffrez;9
enfermé;1
vôtres;3
prompt;2
impute;1
revêtir;1
noeud;1
soutenu;1
portât;1
illégitime;1
infamie;3
absent;1
rassurer;1
désirs;6
fidèle;1
davantage;1
coups;13
patries;1
puissance;4
amants;2
déplaire;3
telles;1
plaint;1
nouveau;2
camille;15
auront;4
touche;5
droits;4
mot;1
avertie;1
sur;28
dehors;1
traiterais;1
légitimes;3
tu;49
vigueur;2
serions;1
débiles;1
règle;2
parents;6
cas;1
arraché;1
injurieux;1
demandons;1
souhaits;4
contentement;2
tombeau;3
prudence;2
joignez;1
confondre;1
fers;2
croirai;1
quand;36
fruit;1
faudra;3
flétrie;2
ferai;2
contraindre;1
aucunes;1
épuise;2
appris;1
quoi;19
pavillons;1
enfin;20
maison;10
ait;6
échauffe;1
souviens;1
présence;2
abuse;1
attendant;2
lui;54
éblouir;1
agrandir;1
ordonnent;1
rude;2
ouvrir;1
réglons;1
raison;8
laissez;4
ennoblir;1
baigner;1
éclatez;1
avoueront;1
sanglant;1
dissiper;1
désunit;1
mépriser;1
second;1
resté;1
valère;27
oubli;1
mets;1
su;4
perdez;2
détestait;1
traiter;1
embrasser;5
pourrais;3
vîtes;1
couler;2
parlez;3
jamais;12
chéri;1
latins;1
ôtait;1
combattant;1
jette;3
fuie;1
service;3
mêle;4
charger;1
maudissez;1
raisons;1
adresse;1
levez;1
voisin;1
assure;1
retourne;2
iras;1
fatales;1
offense;3
attendaient;1
disais;1
terminé;1
ressentiment;1
prêt;1
amante;5
apprenez;2
crime;22
entrer;3
dès;2
due;1
celui;3
constamment;2
ici;15
évanouir;1
passait;1
rendus;1
dures;2
durer;2
écorce;1
différez;1
braves;1
jugement;2
vengeurs;1
marchant;1
espère;4
triomphe;8
empêche;1
nouvelle;6
arrête;4
formé;1
éclat;5
put;1
mienne;2
dépendaient;1
commandement;2
eut;3
modérez;1
tireraient;1
figurer;1
perdaient;1
trouve;6
vu;23
prompte;3
entrant;1
digne;17
trépas;11
perdre;3
assez;23
faites;6
barbare;5
fâche;3
déchoir;1
devant;2
flatter;1
avons;2
prenons;3
illustre;8
rare;6
oblige;1
épargner;1
inhumaine;1
dispense;1
renouer;1
pleurez;6
chère;5
spectacle;3
voulu;4
donné;1
superflus;2
assurait;1
appartient;1
horace;46
souffert;1
couvert;4
respirer;1
jetant;1
souvenir;2
bien;54
êtes;6
écoute;1
effacés;1
servent;1
sont;40
danger;1
deviez;1
sert;1
vaincue;1
vient;8
diminuer;1
causes;1
nôtres;4
encens;2
mortelles;2
parlé;1
le;250
portes;1
soupirs;9
va;11
armer;1
outrage;3
différer;1
contrainte;2
meurs;1
usage;1
méritent;1
forme;2
cesse;4
appréhendait;1
continue;1
traître;1
vraie;1
tacher;1
croire;4
allait;1
fumer;2
dessous;3
insensible;3
viendras;1
adieux;1
songe;6
étonnée;1
sainte;1
selon;1
hier;7
étonne;2
dans;61
présente;1
obliger;1
dois;14
choisi;1
émouvoir;1
accablée;1
obscurité;2
pouvait;3
imiter;1
curiace;13
consomme;1
heures;1
tendresse;3
souverain;2
guerriers;6
poussez;1
guerre;12
mêlée;1
malaisément;1
allume;1
croyez;3
imite;1
mers;1
pur;1
seulement;3
reviens;1
elle;72
tâchez;1
pareilles;2
termine;1
étages;1
ôtez;1
serez;2
amas;1
chaque;5
mais;80
fais;9
pardonne;1
longue;1
étonner;1
blâmer;1
affligera;1
attend;2
celer;2
destinées;1
puissant;1
préparés;1
parques;1
offensée;1
récit;1
propose;1
également;1
salaire;1
bas;3
redoublait;1
te;21
combattrai;1
magnanime;1
prodigue;1
soupçonnait;1
choisir;6
repaître;1
compassion;1
chastes;1
éclatant;3
démon;1
adorant;1
champ;1
résonner;1
affermir;2
suffit;2
légers;1
colonnes;1
douleurs;9
précieuse;1
funeses;1
osé;1
former;4
suprêmes;1
sentiments;11
raisonnable;1
forts;2
impuissante;1
réparer;1
oublierai;1
domestiques;2
consolation;1
sacrée;1
vivant;1
cessons;1
romaines;1
public;7
mépris;1
premières;1
fasse;4
inutiles;1
acquittent;1
saint;2
malgré;5
demander;3
versez;1
rejette;1
irréparable;1
infortune;2
borneront;1
joint;2
tien;2
servi;1
voie;1
jadis;1
clarté;1
nourrir;2
important;1
états;4
persécuter;2
compte;3
tulle;2
âpre;1
pudique;1
frappé;1
arrière;1
ombres;1
parole;1
sortir;3
ferait;1
paraître;5
orgueil;2
obéir;3
arrêt;5
justice;7
maîtres;1
consiste;1
insupportable;1
années;1
sachons;2
homme;12
sentais;1
louange;1
sévère;1
zèle;4
maître;4
plaît;1
suivi;3
aisément;3
taisent;1
procule;1
tyrans;1
maux;9
albains;1
villes;1
briguerait;1
agresseur;1
chaîne;2
autant;14
vas;1
vaincus;6
admet;1
rayon;1
délivrez;1
mille;11
changer;3
grossière;1
cacher;2
proches;1
déchirer;1
redoutez;1
lâchement;1
trouver;2
titre;2
parlent;2
accroître;1
achève;2
l;279
vaincre;4
faux;3
faits;4
séparent;1
craignez;1
conservez;1
remède;2
pleinement;1
flanc;3
disposez;1
allons;4
blessés;1
txt;5
fils;14
race;4
tait;2
heur;4
rebelle;1
tomber;1
différence;1
hautement;3
méchants;1
réduire;2
allumé;1
reprenez;1
donc;15
infaillibles;1
sens;5
paru;1
obstine;3
déplaisir;1
pensez;4
fût;3
ose;9
parvienne;1
cris;3
éternelles;1
lois;9
réglant;1
amant;20
naître;6
serait;4
pourtant;4
comme;38
père;23
pensers;1
dit;6
dorénavant;2
curiaces;6
confondus;1
imaginais;1
invaincu;1
employons;1
vomit;1
fer;2
étrange;3
marcher;1
glorieuse;1
pressé;1
différents;2
paraît;3
expérience;1
trahi;1
fraternelle;1
290;5
désaveu;1
respire;1
ébranlé;1
laisse;8
prendront;1
affliction;1
reprochez;1
mal;13
effort;8
apprend;1
obéisse;1
sauvez;2
accablé;1
commun;2
employé;1
savait;1
peuvent;4
souhaitez;1
obstacle;3
mots;3
résous;1
blesse;1
donnera;1
récompense;1
importe;1
commander;2
armé;1
nouvelles;2
veux;14
passaient;1
déshonneur;2
âme;28
rome;68
grand;23
venez;4
reçu;3
forcés;1
retombe;1
monte;1
pleureriez;1
garantir;5
opprobre;1
saisit;1
amis;3
ayez;1
soins;3
respectée;1
cent;1
cru;5
feux;4
accuse;1
oses;2
vers;5
surtout;1
celle;5
comprendre;1
gracieux;1
passé;2
tôt;1
délai;1
solitude;1
brutalement;1
dite;1
aurions;2
soulagement;2
écartés;1
paternel;1
considérez;1
bourreau;1
nobles;2
but;1
feriez;2
punit;3
regarder;4
considérer;2
passer;2
ruse;1
accordais;1
est;173
aisée;1
parts;1
couronnées;1
puissances;1
esprit;12
vaine;1
sabine;14
servir;4
victime;3
trois;29
recevait;1
rendez;1
importuner;1
mette;1
pouvais;2
irai;1
abaisse;1
trophées;1
entier;2
honneurs;5
estiment;1
malaisé;1
traits;2
planter;1
excès;3
aveugle;2
mari;9
camp;3
rarement;3
forcer;1
dire;3
ressouvenir;1
faut;31
héros;3
porte;5
pitoyable;1
journée;3
obscur;1
penses;1
ordinaire;2
sortent;1
accorde;1
gardez;1
maudit;1
brillante;1
versés;1
racheter;1
arriver;1
consacrer;1
contente;2
profanée;1
voyons;2
ébranlement;1
horrible;1
émeut;3
murs;8
rang;5
aimerai;1
vivantes;1
exaucés;2
artifice;3
regardez;2
entretenir;2
entrait;1
volontaires;1
me;70
mérite;1
peu;32
fis;1
combattants;5
soupirant;1
mémoire;4
autorise;1
et;482
beaucoup;12
idolâtrie;1
sied;2
pyrénées;1
dictateur;2
faute;1
jusqu;6
pleurs;26
penchant;1
songez;1
confusion;3
ardeurs;1
encouragerais;1
sujette;5
regarde;1
secourût;1
sera;8
contribue;1
ressenti;1
doute;3
mes;53
rougir;3
effarouche;1
sacrilège;2
quels;10
ambition;3
transports;1
serment;1
vos;58
proche;1
donnez;2
taisez;1
joindre;1
injustice;3
albain;1
pied;3
obstacles;2
lancez;1
destin;4
divise;1
événement;2
voyez;4
marques;4
tendre;1
événements;2
lieu;9
province;1
deux;44
avez;10
face;3
scrupule;1
léger;1
objets;2
viendrait;1
disgrâces;1
formés;1
attaquer;2
aimer;12
honteux;2
voulons;3
réponde;1
affreux;2
tribut;1
sommes;7
force;7
croit;3
conseils;1
batailles;1
parlait;1
horreur;9
romule;2
écoutée;2
maltraite;1
contraires;3
juger;2
quitter;2
suivant;2
parfaites;1
accordez;1
infini;1
donnent;1
qui;114
pus;1
soit;10
blâme;2
guerrier;2
crie;1
pure;1
véritable;5
seule;6
imitons;1
couronnes;1
rappelant;1
ayant;2
ainsi;16
différends;1
duré;2
tache;1
fallait;2
appelez;1
reçoive;1
extrême;3
défenseur;2
commence;3
pourront;3
achever;2
embrassements;1
crainte;2
cruel;5
parle;2
déférence;1
estimais;1
incertaine;1
demain;5
actions;1
mendiée;1
faveurs;1
sans;60
voyais;1
ravissements;1
parjure;1
filles;2
julie;7
cruelle;2
appréhendez;1
assurés;1
permet;1
fureurs;1
dirai;2
sauvé;2
malheureuse;1
histoire;1
déploie;1
demeurent;1
unique;5
été;1
blessée;1
ennemi;7
donner;6
lassé;1
pâlissent;1
née;1
maternelle;1
ces;38
jurée;2
sentent;1
supplice;6
souillé;2
toujours;13
cependant;3
lumière;1
criminelle;2
promit;1
examine;2
grandeur;1
cessez;1
pleurer;4
voler;1
haïr;7
apporter;1
esclaves;1
toutefois;2
immortel;1
agir;3
vous;249
coulèrent;1
désiré;1
choir;1
voeux;19
épargnera;1
vînt;1
bénissant;1
indigne;6
succomberas;1
bannis;1
php;5
éclaire;1
ardeur;9
claire;1
quelles;1
serviteurs;1
ceux;10
doux;14
vont;2
atteinte;1
pleins;1
tes;30
épousai;1
obstinent;1
consultons;1
depuis;3
illusion;2
vengez;1
craint;3
bruit;2
libérateur;1
puni;3
vraiment;1
diverses;2
glorieux;2
exiger;1
préparons;1
console;1
dessus;3
uni;1
dissipe;1
s;73
connue;1
prend;10
tyran;1
effroyable;1
coure;1
entière;6
assurent;2
viens;9
sombres;1
occupées;1
négligez;1
malheureuses;1
ajoutez;1
vie;14
autrui;2
promette;1
pense;1
funeste;7
travaille;1
rangés;1
penser;5
bannir;1
donnée;1
amenez;1
cruels;2
attache;5
pleuvoir;1
calme;1
drapeaux;1
souhait;2
près;7
intérêts;6
parti;7
déplorable;1
funestes;3
revient;1
veut;21
ah;6
combattu;2
accusent;1
nuptial;1
exerce;1
douteuse;1
admirer;2
exposer;1
seconde;2
orages;1
régler;1
nommé;1
imprime;1
cousin;1
embrasse;1
périt;1
captivité;1
désespoir;7
douleur;12
commencez;3
sénat;1
occasion;6
eus;1
abandonner;1
fuir;1
amollissent;1
bâtissant;1
passions;1
sincère;1
oracles;2
tenir;1
périsse;2
tristesse;2
vertus;3
seconds;1
aux;63
saisi;1
détache;1
trembler;3
fin;4
du;56
nulle;1
odieux;1
ou;52
tigre;1
souhaite;1
fuyait;1
pureté;2
faiblement;1
chaînes;1
faibles;4
bannissez;2
oui;5
facile;1
rencontre;1
dernier;6
chères;2
piteux;1
partir;1
notre;39
nuit;1
larmes;14
promis;4
univers;2
instant;2
craignons;2
fortunes;1
renferme;1
apportez;1
aiment;1
si;150
communes;1
immoler;5
innocents;2
condamnable;1
baiser;1
attaquant;1
fois;10
devrai;1
peut;31
plaignez;2
reculer;1
fini;1
dieu;1
dispose;3
sainement;1
interprétation;5
moi;38
mourir;9
était;9
attacher;1
accompagner;1
bonheur;12
honneur;38
désolée;1
couteau;1
votre;37
abandonnai;1
croître;2
jeter;1
empire;5
communs;2
retraite;1
sire;19
nos;63
cercueil;1
laveront;1
promet;1
brutale;2
colère;10
front;7
fortes;2
payés;1
triomphé;1
inquiétudes;1
frayeurs;2
songer;1
mettez;1
affaiblit;1
succès;8
cesserai;1
voulions;1
tremblant;1
lieux;6
conserve;1
jaloux;3
extrêmes;2
tourment;1
seuls;3
toute;19
pardonnable;1
hauts;2
passent;1
plaisir;2
affligée;1
voici;3
reconnaît;1
indifférence;1
rencontrai;1
troupe;1
agrée;1
venir;3
vieillesse;1
loi;5
mêmes;3
solide;2
parlais;1
affaire;1
plaira;1
office;3
énorme;3
faire;27
céderais;1
poussés;1
nommerai;1
percé;2
efface;1
soudaine;1
armez;1
hymenée;1
quelle;11
vaillance;2
veulent;1
parricide;2
sceptres;1
place;5
cheveux;1
viendra;2
choix;19
fatal;1
sauver;2
inhumains;2
espérance;3
aimâtes;1
chez;4
arrêtez;1
rendu;5
vive;1
entre;10
balance;1
promptement;1
forte;1
élevant;1
inspiré;2
vais;5
perfide;1
sort;27
plaindre;9
fier;1
maligne;1
coutume;1
sut;1
déplaît;1
apprendra;1
eu;1
criminels;1
coeur;30
six;2
apporte;2
victorieux;4
effets;6
payé;1
désespoirs;1
montrerez;1
perte;10
étonnement;1
affranchir;1
affront;5
constance;8
renvoie;1
imputerait;1
regard;1
gais;1
recourir;1
propre;3
vengé;1
voix;12
tour;3
inopinée;1
envisage;1
sais;5
plaintes;4
oracle;4
quel;18
adversaires;2
souffrir;8
effet;9
unie;2
bontés;1
témoin;3
amitié;7
éclairés;2
trame;1
courage;8
songeons;1
meure;2
sujet;5
général;2
opposer;2
ans;2
quereller;1
pouvaient;1
obtienne;2
entretienne;1
volage;1
blessure;1
bonne;3
moindres;1
recevrais;1
demandais;1
disposer;1
attaquez;1
mère;1
voisins;3
chérirai;1
frayeur;2
impie;2
ils;27
immole;3
fît;1
voudrait;1
quiconque;1
inexcusable;1
emploi;1
chefs;3
consommez;1
termes;1
différent;1
femmes;4
prive;1
avant;5
tremblerez;1
aimée;2
retenez;1
consentement;1
feraient;1
ingrate;1
acceptent;1
temps;9
divinité;2
mortel;3
trouble;4
entretint;1
jusques;3
couverte;1
avaient;1
allégement;1
parler;3
alarmée;1
regards;2
vieux;1
es;5
accuser;1
importune;1
mis;2
salut;2
prendrai;1
justes;1
détruire;2
cher;8
aura;4
déluge;1
ta;29
attendre;5
raisonnement;1
angoisse;1
sauraient;1
fera;3
dépouiller;1
plutôt;8
erreurs;1
vôtre;6
heureux;7
nom;12
as;3
liens;3
regardes;1
rois;8
toi;19
fameux;3
tâche;1
prendre;8
fermes;2
côté;1
autorité;1
façon;3
ménager;1
nets;1
brisez;1
oppose;2
éclairs;1
entretins;1
haute;6
heure;2
présenter;2
purifier;1
puisque;13
croirons;1
lâches;1
hais;4
horaces;3
sacrifice;5
blessées;1
fleurs;1
appui;3
rapport;1
tandis;1
pourraient;2
souillât;1
sanglantes;1
concevez;1
vertu;34
puissants;1
peur;4
injuste;4
ci;2
cause;7
matière;2
défendre;2
appelons;1
gardait;1
appréhender;1
prennent;2
sujets;5
chercher;3
malheur;16
tels;8
aperçus;1
désavouent;1
offensez;1
renom;2
«;4
ôtent;1
tumultueuse;1
triste;8
intérêt;8
soupire;2
félicité;2
conclut;1
éclatera;1
tremble;1
compliments;1
prédit;1
trompe;2
son;73
moyen;1
accable;3
remis;2
dissimule;2
consulté;1
juste;10
courages;1
diviser;1
trahis;4
montrez;3
peux;3
vainqueurs;9
anime;1
auteur;3
haine;9
changement;1
gardent;1
défaite;3
punition;1
forfait;4
un;289
défenses;1
cendre;1
range;1
couronne;1
chants;1
repos;1
imaginez;1
mieux;22
hyménée;4
tristes;3
exploit;1
dépens;4
revois;1
animées;1
joignons;1
que;251
libre;3
parla;1
accord;2
ôter;2
défense;1
choisit;1
souffrirez;1
rejaillir;1
consolais;1
osera;1
mourra;1
plains;9
autres;12
permis;3
mauvaise;1
crimes;7
respecte;2
finit;2
doutais;1
rendre;7
grands;13
renonce;3
approches;1
sexe;1
poids;1
terminer;2
occident;1
montré;1
alliance;3
tombe;4
flamme;5
attente;3
ôta;1
lien;2
plainte;1
égal;4
joignant;1
endurer;2
aviez;3
hors;7
besoin;3
puissamment;2
droit;5
unira;1
offenser;1
innocent;2
joints;1
consulte;1
brûlez;1
châtiment;3
importun;1
éteint;1
attendiez;1
travaux;1
fassent;1
soldats;1
désespère;1
sienne;2
prissent;1
longtemps;3
rage;3
ailleurs;5
consolez;1
séchant;1
tellement;1
prêtres;1
pays;22
attends;1
sacré;1
par;79
obéirais;1
superbe;1
état;15
pensées;2
demande;10
aussi;11
effaçaient;1
jouet;1
engageant;1
désordre;1
déshonoré;1
guerres;1
vue;4
menaçaient;1
emporte;1
partis;3
aimable;1
maudire;1
oeil;5
ville;3
ne;158
avouer;2
théâtre;1
montrer;6
posséder;1
honte;14
aimez;1
goutte;1
pleine;3
amorce;1
mourant;2
secret;3
aucun;5
tragiques;1
quoique;5
rompant;1
mourût;1
abandonnerez;1
met;3
aspirer;2
oublier;2
exploits;7
durait;1
trop;39
devoir;12
étiez;1
regardons;2
mettre;5
ternie;1
revoyez;1
condamne;1
cela;3
orient;2
reste;11
ordonner;1
approuvez;1
emploie;1
irritez;2
maisons;2
ferme;1
régner;3
enchaînée;1
apprendre;2
aspire;2
elles;7
passe;2
foudres;1
tente;1
dépose;1
meurtrier;1
serais;3
enfants;5
ôte;3
étouffez;1
naissance;6
familles;1
brutalité;2
tort;1
ignominie;1
avides;1
défaits;1
gris;1
renouent;1
généreux;8
expiez;1
trouvaient;1
ouverte;2
destins;5
camps;6
respect;1
noms;5
pleure;5
tout;53
saurez;1
générosité;1
ceignent;1
tourmente;1
innocence;1
âge;2
tiendrait;1
trouvez;3
condamné;1
épouser;1
extrémités;1
enfle;2
remet;1
auprès;3
allie;1
semblait;4
commandements;1
devoirs;2
perdu;5
renverse;1
pleurait;1
plaise;1
rends;5
redoublé;1
disait;1
traverses;2
indépendante;1
assurée;1
maudis;1
passion;2
mauvais;5
aussitôt;2
traitement;1
effroi;2
cesserait;1
humain;2
usant;1
arme;2
ralentit;1
fâcher;1
abîmer;1
pompeuse;1
tête;3
pleuré;1
éternel;3
fuis;1
prendra;1
différé;1
solennel;1
pis;1
cinq;1
quoiqu;1
misère;1
injustement;1
rompue;1
inégaux;1
rejetait;1
fausse;1
use;1
fut;4
étouffer;4
les;159
avais;2
couverts;1
présentes;1
péril;2
descend;1
horreurs;1
ruisseaux;1
longs;1
ébranler;2
profonds;1
combat;18
pouvant;1
comparaison;1
pitié;10
éviter;1
devenir;3
audace;1
vend;1
cherche;4
charme;3
leur;60
appelle;1
consentir;1
frémir;1
rigueur;4
ensemble;3
mol;1
morts;11
à;252
priver;1
fermeté;5
souiller;3
mois;1
romaine;6
prévois;1
c;56
épargne;2
obtiens;1
obéissance;1
eh;1
intéressé;1
fortune;2
haleine;1
reçoit;6
chancelle;1
ravie;1
une;107
traitez;2
oser;1
avantage;3
tremblotant;1
prononcez;1
maintenant;2
nombre;2
prix;8
ordonne;1
verrons;1
poursuivre;1
dispute;1
pas;51
derniers;2
conçois;1
astre;1
empêchez;1
voyant;3
chérir;1
après;20
voulant;1
nourrissait;1
ses;54
entend;1
premiers;2
quitte;3
n;113
altéré;1
ébranlait;2
vis;7
carrière;1
devient;3
prenais;1
peuple;5
sait;5
parricides;1
céleste;2
doit;15
hait;1
excusez;1
dont;16
déplorer;1
ordre;4
épée;3
déguisez;1
semblent;2
vouliez;1
hosties;1
bras;22
grâces;3
éperdu;1
tranche;1
vertueux;4
opposant;1
quelques;3
action;6
font;8
efforts;3
souille;1
dignes;4
immortels;3
fâcheuses;1
soutenir;2
ligne;5
sus;2
indigné;1
changements;1
renommé;1
dureté;1
enviant;1
partie;2
possesseur;1
approuve;1
envers;2
écoutez;5
rigoureuse;1
assurer;2
feu;1
venge;2
alarmes;2
grâce;5
criminel;3
encore;40
répandre;5
finira;1
perce;1
ennemis;9
reprocher;1
envoie;6
nuits;1
vrais;1
pu;7
gardes;1
orage;2
douceur;2
armées;1
